RPi,SSID,Frequency (Hz),RSSI (dBm),Location,Label
1,AP01,5745000000,-62.0,home,1
1,AP01,5745000000,-61.5,home,1
1,AP01,5745000000,-61.0,home,1
1,AP01,5745000000,-61.0,home,1
1,AP01,5745000000,-61.0,home,1
1,AP01,5745000000,-61.0,home,1
1,AP01,5745000000,-61.0,home,1
1,AP01,5745000000,-57.0,home,1
1,AP01,5745000000,-61.0,home,1
1,AP01,5745000000,-61.5,home,1
1,AP01,5745000000,-61.5,home,1
1,AP01,5745000000,-60.5,home,1
1,AP01,5745000000,-61.5,home,1
1,AP01,5745000000,-61.5,home,1
1,AP01,5745000000,-61.5,home,1
1,AP01,5745000000,-60.5,home,1
1,AP01,5745000000,-61.0,home,1
1,AP01,5745000000,-60.5,home,1
1,AP01,5745000000,-61.0,home,1
1,AP01,5745000000,-61.5,home,1
1,AP01,5745000000,-60.5,home,1
1,AP01,5745000000,-60.5,home,1
1,AP01,5745000000,-61.0,home,1
1,AP01,5745000000,-61.5,home,1
1,AP01,5745000000,-60.5,home,1
1,AP01,5745000000,-60.5,home,1
1,AP01,5745000000,-60.5,home,1
1,AP01,5745000000,-60.5,home,1
1,AP01,5745000000,-61.0,home,1
1,AP01,5745000000,-60.5,home,1
1,AP01,5745000000,-61.5,home,1
1,AP01,5745000000,-61.5,home,1
1,AP01,5745000000,-61.5,home,1
1,AP01,5745000000,-62.0,home,1
1,AP01,5745000000,-60.5,home,1
1,AP01,5745000000,-60.5,home,1
1,AP01,5745000000,-60.0,home,1
1,AP01,5745000000,-60.5,home,1
1,AP01,5745000000,-60.5,home,1
1,AP01,5745000000,-61.5,home,1
1,AP01,5745000000,-68.0,home,1
1,AP01,5745000000,-62.0,home,1
1,AP01,5745000000,-57.0,home,1
1,AP01,5745000000,-57.0,home,1
1,AP01,5745000000,-62.5,home,1
1,AP01,5745000000,-61.5,home,1
1,AP01,5745000000,-62.0,home,1
1,AP01,5745000000,-58.5,home,1
1,AP01,5745000000,-57.5,home,1
1,AP01,5745000000,-61.5,home,1
1,AP01,5745000000,-68.0,home,1
1,AP01,5745000000,-62.0,home,1
1,AP01,5745000000,-61.5,home,1
1,AP01,5745000000,-61.0,home,1
1,AP01,5745000000,-67.0,home,1
1,AP01,5745000000,-61.5,home,1
1,AP01,5745000000,-61.5,home,1
1,AP01,5745000000,-57.5,home,1
1,AP01,5745000000,-57.5,home,1
1,AP01,5745000000,-62.0,home,1
1,AP01,5745000000,-62.5,far,0
1,AP04,5745000000,-56.5,far,0
1,AP02,2457000000,-65.5,far,0
1,AP03,5220000000,-57.0,far,0
1,AP01,5745000000,-61.0,far,0
1,AP04,5745000000,-56.5,far,0
1,AP02,2457000000,-65.5,far,0
1,AP03,5220000000,-57.0,far,0
1,AP01,5745000000,-61.0,far,0
1,AP04,5745000000,-56.5,far,0
1,AP02,2457000000,-65.5,far,0
1,AP03,5220000000,-57.0,far,0
1,AP01,5745000000,-61.0,far,0
1,AP04,5745000000,-58.5,far,0
1,AP03,5220000000,-57.0,far,0
1,AP01,5745000000,-60.5,far,0
1,AP04,5745000000,-58.5,far,0
1,AP03,5220000000,-57.0,far,0
1,AP01,5745000000,-61.0,far,0
1,AP04,5745000000,-58.5,far,0
1,AP03,5220000000,-57.0,far,0
1,AP01,5745000000,-61.0,far,0
1,AP04,5745000000,-58.5,far,0
1,AP03,5220000000,-57.0,far,0
1,AP01,5745000000,-61.0,far,0
1,AP04,5745000000,-58.5,far,0
1,AP03,5220000000,-57.0,far,0
1,AP01,5745000000,-61.0,far,0
1,AP04,5745000000,-58.5,far,0
1,AP03,5220000000,-57.0,far,0
1,AP01,5745000000,-61.0,far,0
1,AP04,5745000000,-58.5,far,0
1,AP03,5220000000,-57.0,far,0
1,AP01,5745000000,-61.0,far,0
1,AP04,5745000000,-58.5,far,0
1,AP03,5220000000,-57.0,far,0
1,AP01,5745000000,-61.0,far,0
1,AP04,5745000000,-58.5,far,0
1,AP03,5220000000,-57.0,far,0
1,AP01,5745000000,-61.0,far,0
1,AP04,5745000000,-58.5,far,0
1,AP03,5220000000,-57.0,far,0
1,AP01,5745000000,-61.0,far,0
1,AP04,5745000000,-58.5,far,0
1,AP03,5220000000,-57.0,far,0
1,AP01,5745000000,-61.0,far,0
1,AP04,5745000000,-58.5,far,0
1,AP03,5220000000,-57.0,far,0
1,AP01,5745000000,-61.0,far,0
1,AP04,5745000000,-58.5,far,0
1,AP03,5220000000,-57.0,far,0
1,AP01,5745000000,-61.0,far,0
1,AP04,5745000000,-58.5,far,0
1,AP03,5220000000,-57.0,far,0
1,AP01,5745000000,-62.0,far,0
1,AP04,5745000000,-58.5,far,0
1,AP03,5220000000,-57.0,far,0
1,AP01,5745000000,-61.5,far,0
1,AP04,5745000000,-58.5,far,0
1,AP03,5220000000,-57.0,far,0
1,AP01,5745000000,-61.0,far,0
1,AP04,5745000000,-58.5,far,0
1,AP03,5220000000,-57.0,far,0
1,AP01,5745000000,-61.0,far,0
1,AP04,5745000000,-58.5,far,0
1,AP03,5220000000,-57.0,far,0
1,AP01,5745000000,-61.0,far,0
1,AP04,5745000000,-58.5,far,0
1,AP03,5220000000,-57.0,far,0
1,AP01,5745000000,-62.0,far,0
1,AP04,5745000000,-58.5,far,0
1,AP03,5220000000,-57.0,far,0
1,AP01,5745000000,-61.0,far,0
1,AP04,5745000000,-58.5,far,0
1,AP03,5220000000,-57.0,far,0
1,AP01,5745000000,-61.0,far,0
1,AP04,5745000000,-58.5,far,0
1,AP03,5220000000,-57.0,far,0
1,AP01,5745000000,-61.0,far,0
1,AP04,5745000000,-58.5,far,0
1,AP03,5220000000,-57.0,far,0
1,AP01,5745000000,-61.0,far,0
1,AP04,5745000000,-58.5,far,0
1,AP03,5220000000,-57.0,far,0
1,AP01,5745000000,-61.0,far,0
1,AP04,5745000000,-58.5,far,0
1,AP01,5745000000,-61.0,far,0
1,AP01,5745000000,-61.0,far,0
1,AP01,5745000000,-61.0,far,0
1,AP01,5745000000,-61.0,far,0
1,AP01,5745000000,-61.0,far,0
1,AP01,5745000000,-61.0,far,0
1,AP01,5745000000,-61.5,far,0
1,AP01,5745000000,-61.0,far,0
1,AP01,5745000000,-61.5,far,0
1,AP01,5745000000,-61.0,far,0
1,AP01,5745000000,-60.5,far,0
1,AP01,5745000000,-61.0,far,0
1,AP01,5745000000,-60.5,far,0
1,AP01,5745000000,-61.0,far,0
1,AP01,5745000000,-61.0,far,0
1,AP01,5745000000,-60.5,far,0
1,AP01,5745000000,-61.0,far,0
1,AP01,5745000000,-60.5,far,0
1,AP01,5745000000,-60.5,far,0
1,AP01,5745000000,-60.5,far,0
1,AP01,5745000000,-60.5,far,0
1,AP01,5745000000,-60.5,far,0
1,AP01,5745000000,-60.5,far,0
1,AP01,5745000000,-60.5,far,0
1,AP01,5745000000,-61.0,far,0
1,AP01,5745000000,-60.5,far,0
1,AP01,5745000000,-61.0,far,0
1,AP01,5745000000,-61.0,far,0
1,AP01,5745000000,-61.0,far,0
1,AP01,5745000000,-61.0,far,0
1,AP01,5745000000,-61.0,far,0
1,AP01,5745000000,-61.5,far,0
